Lenguaje,Análisis,Tiempo μ(s),Tiempo σ(s),Memoria μ(MB),Memoria σ(MB),Líneas de código,Observaciones,ΔTiempo (%),ΔMemoria (%)
Julia,ANOVA,29.838899164,8.844527351660894,,,27,GLM.jl,1126.2325742676228,
Julia,Regresión,147.9844680806667,92.24951494201521,,,55,GLM.jl,5784.169436552194,
Python,ANOVA,6.556679897333334,1.4467902554189853,,,11,statsmodels,169.44742247247288,
Python,Regresión,6.002812320666667,1.8282166370471913,,,18,statsmodels,138.68427037472532,
R,ANOVA,2.433380077333333,2.5645809784572027,,,7,aov(),0.0,0.0
R,Regresión,2.5149593273333335,1.166266262710806,,,9,lm(),0.0,0.0
