Metric,Value
Time (mean),0.00021082907000000002
Time (min),6.02e-5
Time (max),0.0323303
Memory,0.08561229705810547
