Variable,Estimate,StdError,tValue,pValue
(Intercept),50.22483499216312,0.8761135191013851,57.32685764702944,3.3551324298097566e-221
X1,-0.0031138121684480486,0.015131232984855886,-0.20578707442840327,0.8370415029727871
X2,0.012866280294332053,0.015119617440804317,0.8509659946559869,0.3951980411638385
