,coef,std_err,pvalue
Intercept,50.224834992163096,0.8761135191013842,3.355132429809184e-221
X1,-0.0031138121684478604,0.01513123298485586,0.8370415029727968
X2,0.01286628029433197,0.015119617440804315,0.3951980411638416
