,sum_sq,df,F,PR(>F)
C(GRUPO),124.72733903848724,3.0,0.43031669781188353,0.7313732210543213
Residual,47921.8836403248,496.0,,
