Name,Coef.,Std. Error,t,Pr(>|t|),Lower 95%,Upper 95%
(Intercept),50.22483499216312,0.8761135191013851,57.32685764702944,3.3551324298097566e-221,48.5034921701184,51.946177814207836
X1,-0.0031138121684480486,0.015131232984855886,-0.20578707442840327,0.8370415029727871,-0.03284288119809038,0.026615256861194286
X2,0.012866280294332053,0.015119617440804317,0.8509659946559869,0.3951980411638385,-0.0168399671112383,0.042572527699902406
