"","Estimate","Std. Error","t value","Pr(>|t|)"
"(Intercept)",50.2248349921632,0.876113519101385,57.3268576470295,3.3551324298088e-221
"X1",-0.00311381216844766,0.0151312329848559,-0.205787074428378,0.837041502972807
"X2",0.0128662802943322,0.0151196174408043,0.850965994655997,0.395198041163833
