Source,DOF,Exp_SS,Mean_Square,F_value,Pr
GRUPO,3,124.72733903849773,41.57577967949924,0.4303166978119197,0.7313732210543193
Residual,496,47921.8836403248,96.6167008877516,,
