"","Df","Sum Sq","Mean Sq","F value","Pr(>F)"
"GRUPO      ",3,124.727339038489,41.5757796794962,0.430316697811888,0.731373221054342
"Residuals  ",496,47921.8836403248,96.6167008877516,NA,NA
