command,mean,stddev,median,user,system,min,max
Rscript regresion.R,1.0109780220000002,0.8022201998625138,0.793908272,0.30499999999999994,0.24375000000000005,0.559524372,3.254149972
py regresion.py,14.364231181999997,25.86490168693252,5.742878621999999,1.9143749999999993,1.6515625,3.627778972,87.746956672
julia regresion.jl,83.79197967200001,58.324975051886504,50.101868922,0.0139375,0.05,39.072955972,199.132285872
Rscript anova.R,1.075433872,0.32405698380932946,1.021596322,0.32531249999999995,0.26406250000000003,0.5510005720000001,1.5546023720000002
py anova.py,4.377674351999999,0.35338300021437796,4.350107771999999,1.9878124999999993,1.5218749999999999,3.8785454720000003,5.0109660719999995
