{
  "results": [
    {
      "command": "Rscript regresion.R",
      "mean": 2.5149593273333326,
      "stddev": 1.1662662627108065,
      "median": 2.160704004,
      "user": 0.9336458333333332,
      "system": 0.42781249999999976,
      "min": 1.457617654,
      "max": 6.524840754,
      "times": [
        6.218707954,
        6.524840754,
        3.0081961539999997,
        2.155586354,
        3.397368254,
        2.2332458539999998,
        2.054073554,
        2.909141354,
        3.068100354,
        2.468152054,
        1.7701908540000002,
        1.8832646540000002,
        2.1597048539999997,
        1.600939354,
        1.518135854,
        1.875495154,
        2.076109054,
        2.161703154,
        1.927527754,
        2.6002738539999997,
        2.082356554,
        2.7278619539999998,
        2.295369954,
        2.771744854,
        2.7672465539999997,
        1.457617654,
        1.600472254,
        2.738683254,
        1.752353354,
        1.644316254
      ],
      "exit_codes": [
        0,
        0,
        0,
        0,
        0,
        0,
        0,
        0,
        0,
        0,
        0,
        0,
        0,
        0,
        0,
        0,
        0,
        0,
        0,
        0,
        0,
        0,
        0,
        0,
        0,
        0,
        0,
        0,
        0,
        0
      ]
    },
    {
      "command": "py regresion.py",
      "mean": 6.002812320666667,
      "stddev": 1.828216637047191,
      "median": 5.379923054000001,
      "user": 2.130000000000001,
      "system": 1.5590624999999998,
      "min": 4.272117354000001,
      "max": 11.202662954000001,
      "times": [
        11.202662954000001,
        7.332938954,
        5.228654454,
        5.310722454,
        8.167684754,
        5.9012796540000005,
        9.823095554,
        5.8813263540000005,
        6.933035054,
        6.051443854,
        4.743064754000001,
        5.449123654,
        8.558864054,
        4.535792054,
        5.770271854000001,
        4.668257254,
        4.315737354,
        4.272117354000001,
        4.533000354,
        4.757716954,
        4.550851454,
        5.934587654,
        9.371782754,
        7.6145206540000006,
        5.262673454000001,
        5.549906454,
        4.784743354000001,
        4.379969254000001,
        4.472588954000001,
        4.725955954000001
      ],
      "exit_codes": [
        0,
        0,
        0,
        0,
        0,
        0,
        0,
        0,
        0,
        0,
        0,
        0,
        0,
        0,
        0,
        0,
        0,
        0,
        0,
        0,
        0,
        0,
        0,
        0,
        0,
        0,
        0,
        0,
        0,
        0
      ]
    },
    {
      "command": "julia regresion.jl",
      "mean": 147.98446808066666,
      "stddev": 92.2495149420152,
      "median": 109.154634254,
      "user": 0.013135416666666669,
      "system": 0.04907291666666668,
      "min": 58.476336954,
      "max": 377.518932254,
      "times": [
        109.839584154,
        130.187936454,
        157.409557554,
        59.206185954,
        58.476336954,
        70.341488554,
        108.469684354,
        195.60698145400002,
        123.147129954,
        115.58861815399999,
        97.96040895399999,
        90.07033805399999,
        309.265560854,
        246.401527754,
        152.627762754,
        75.12905345399999,
        83.15296705399999,
        104.317892854,
        85.98458745399999,
        72.535203454,
        73.26663005399999,
        82.84619055399999,
        96.48841355399999,
        86.57726345399999,
        131.639964454,
        225.49140305400002,
        359.776367354,
        278.550824954,
        377.518932254,
        281.659246554
      ],
      "exit_codes": [
        0,
        0,
        0,
        0,
        0,
        0,
        0,
        0,
        0,
        0,
        0,
        0,
        0,
        0,
        0,
        0,
        0,
        0,
        0,
        0,
        0,
        0,
        0,
        0,
        0,
        0,
        0,
        0,
        0,
        0
      ]
    },
    {
      "command": "Rscript anova.R",
      "mean": 2.433380077333333,
      "stddev": 2.5645809784572027,
      "median": 1.801161854,
      "user": 0.9268749999999996,
      "system": 0.41374999999999973,
      "min": 1.396635754,
      "max": 15.801864854,
      "times": [
        1.712783154,
        2.0050867539999997,
        1.6988225540000002,
        1.8491635540000002,
        2.539836154,
        1.5711109540000001,
        2.139184054,
        2.577799954,
        1.7739851540000002,
        2.8398493539999996,
        1.5334749540000001,
        3.0066445539999997,
        15.801864854,
        2.4208641539999998,
        2.977605354,
        1.620157154,
        1.833213554,
        1.8669865540000001,
        1.718167054,
        1.608139954,
        2.2452917539999997,
        1.661054754,
        1.7130495540000001,
        1.4774173540000002,
        1.8283385540000001,
        1.396635754,
        1.728155554,
        2.403846754,
        1.728079554,
        1.724792954
      ],
      "exit_codes": [
        0,
        0,
        0,
        0,
        0,
        0,
        0,
        0,
        0,
        0,
        0,
        0,
        0,
        0,
        0,
        0,
        0,
        0,
        0,
        0,
        0,
        0,
        0,
        0,
        0,
        0,
        0,
        0,
        0,
        0
      ]
    },
    {
      "command": "py anova.py",
      "mean": 6.556679897333336,
      "stddev": 1.4467902554189853,
      "median": 6.140012604000001,
      "user": 2.1841666666666675,
      "system": 1.683020833333333,
      "min": 4.033647354,
      "max": 9.528753554,
      "times": [
        6.781810954,
        6.716317054,
        8.782633554,
        5.684551454,
        5.546652154,
        5.180019154,
        5.515460554000001,
        5.5277213540000005,
        6.232765554,
        6.909383554000001,
        7.692451954,
        8.521402554,
        9.348895754,
        9.142925154,
        6.047259654,
        4.033647354,
        4.486089154,
        5.604112154,
        9.528753554,
        7.414313654000001,
        5.433051454,
        5.092825854,
        6.809973854000001,
        7.422890454,
        5.384975154,
        5.644222054,
        7.400495854000001,
        7.172814454,
        5.810334954,
        5.831646554000001
      ],
      "exit_codes": [
        0,
        0,
        0,
        0,
        0,
        0,
        0,
        0,
        0,
        0,
        0,
        0,
        0,
        0,
        0,
        0,
        0,
        0,
        0,
        0,
        0,
        0,
        0,
        0,
        0,
        0,
        0,
        0,
        0,
        0
      ]
    },
    {
      "command": "julia anova.jl",
      "mean": 29.838899164,
      "stddev": 8.844527351660892,
      "median": 27.265867604,
      "user": 0.01228125,
      "system": 0.049166666666666685,
      "min": 20.921506054,
      "max": 59.552835554,
      "times": [
        32.344790754,
        26.919498854,
        36.413711854,
        32.803957654,
        24.150298854,
        31.073038654,
        26.663006054,
        29.841302754,
        34.087381154,
        32.699635754,
        28.493656654,
        27.450160554,
        26.838977754000002,
        58.795998054,
        22.511105354,
        21.133334354,
        24.603497754,
        27.081574654,
        22.084731154,
        20.921506054,
        59.552835554,
        33.023240854,
        28.288425954,
        26.581363154,
        25.131340954,
        29.207661654,
        25.954037054,
        25.841883854,
        27.594693254,
        27.080327954
      ],